{"cameraMode":{"drawMode":0,"name":"Shaded","section":"Shading Mode"},"sceneLighting":true,"audioPlay":false,"sceneViewState":{"showFog":true,"showMaterialUpdate":true,"showSkybox":true,"showFlares":true,"showImageEffects":true,"showParticleSystems":true},"in2DMode":false,"pivot":{"x":23.171953201293947,"y":5.549257755279541,"z":77.10721588134766},"rotation":{"x":0.48737162351608279,"y":0.5113745331764221,"z":-0.4753224849700928,"w":0.524476945400238},"size":9.12024974822998,"orthographic":false}