{"cameraMode":{"drawMode":0,"name":"Shaded","section":"Shading Mode"},"sceneLighting":true,"audioPlay":false,"sceneViewState":{"showFog":true,"showMaterialUpdate":true,"showSkybox":true,"showFlares":true,"showImageEffects":true,"showParticleSystems":true},"in2DMode":false,"pivot":{"x":30.81294059753418,"y":62.608219146728519,"z":48.89927291870117},"rotation":{"x":0.4756028950214386,"y":0.4471069574356079,"z":-0.30712178349494936,"w":0.6925435662269592},"size":11.531277656555176,"orthographic":false}