{"cameraMode":{"drawMode":0,"name":"Shaded","section":"Shading Mode"},"sceneLighting":true,"audioPlay":false,"sceneViewState":{"showFog":true,"showMaterialUpdate":true,"showSkybox":true,"showFlares":true,"showImageEffects":true,"showParticleSystems":true},"in2DMode":false,"pivot":{"x":23.404651641845704,"y":-10.670154571533204,"z":85.2915267944336},"rotation":{"x":0.34203246235847475,"y":0.33453497290611269,"z":-0.13185392320156098,"w":0.8681922554969788},"size":9.12024974822998,"orthographic":false}