{"cameraMode":{"drawMode":0,"name":"Shaded","section":"Shading Mode"},"sceneLighting":true,"audioPlay":false,"sceneViewState":{"showFog":true,"showMaterialUpdate":true,"showSkybox":true,"showFlares":true,"showImageEffects":true,"showParticleSystems":true},"in2DMode":false,"pivot":{"x":27.590871810913087,"y":-27.940357208251954,"z":69.4439926147461},"rotation":{"x":-0.4654407799243927,"y":-0.13912048935890199,"z":0.07434918731451035,"w":-0.8709140419960022},"size":33.31809997558594,"orthographic":false}