{"cameraMode":{"drawMode":0,"name":"Shaded","section":"Shading Mode"},"sceneLighting":true,"audioPlay":false,"sceneViewState":{"showFog":true,"showMaterialUpdate":true,"showSkybox":true,"showFlares":true,"showImageEffects":true,"showParticleSystems":true},"in2DMode":false,"pivot":{"x":19.227407455444337,"y":-6.905317783355713,"z":79.42937469482422},"rotation":{"x":0.4388296902179718,"y":0.1447223722934723,"z":-0.07190939038991928,"w":0.8839446902275086},"size":9.12024974822998,"orthographic":false}