{"cameraMode":{"drawMode":0,"name":"Shaded","section":"Shading Mode"},"sceneLighting":true,"audioPlay":false,"sceneViewState":{"showFog":true,"showMaterialUpdate":true,"showSkybox":true,"showFlares":true,"showImageEffects":true,"showParticleSystems":true},"in2DMode":false,"pivot":{"x":17.45358657836914,"y":78.55376434326172,"z":91.64888000488281},"rotation":{"x":0.33516567945480349,"y":0.6249739527702332,"z":-0.3388838768005371,"w":0.6182811856269836},"size":9.12024974822998,"orthographic":false}